{"Pocahontas": [43.26958913803101, 193.3400115966797, 53.29706573486328, 33.234297442436215], "Putnam": [51.639680290222174, 161.10707092285156, 63.18033905029297, 40.090689945220944], "Wetzel": [48.55583171844482, 182.44644165039062, 60.18514156341553, 36.92005453109741], "Boone": [51.161869430542, 176.6261749267578, 62.74534225463867, 39.56873979568481], "Cabell": [52.11080322265625, 140.8544158935547, 63.56716423034668, 40.6466796875], "Marshall": [47.72400016784668, 176.0872344970703, 59.38594284057618, 36.05294313430786], "Jackson": [51.35781230926514, 159.68544006347656, 63.505469131469724, 39.19987812042236], "Monongalia": [47.80048732757568, 145.7621612548828, 58.636161994934085, 36.95619568824768], "Mineral": [48.766455078125006, 132.30592346191406, 60.1125940322876, 37.41139187812805], "Hancock": [46.300976276397705, 112.97265625, 56.31948184967041, 36.275], "Preston": [46.469364929199216, 181.18804931640625, 56.79478988647461, 36.13401322364807], "Hardy": [48.83753833770752, 110.51570129394531, 60.06262683868408, 37.60335822105408], "Wood": [50.86901512145997, 121.45408630371094, 62.52131385803223, 39.207716178894046], "Webster": [46.70339775085449, 188.52061462402344, 57.38696842193603, 36.01083159446716], "Hampshire": [48.99140186309815, 121.00404357910156, 60.20436592102051, 37.76842007637024], "McDowell": [49.484919738769534, 190.10227966308594, 61.548041915893556, 37.413690423965456], "Harrison": [49.982814979553225, 172.803466796875, 62.001581573486334, 37.955600070953366], "Barbour": [48.67819194793701, 178.79098510742188, 59.58750762939454, 37.760716342926024], "Tucker": [44.70801362991333, 205.9752197265625, 54.712406921386716, 34.69433302879334], "Clay": [50.5841567993164, 169.3874053955078, 62.53376617431641, 38.624299669265746], "Logan": [51.47404766082764, 181.9577178955078, 63.41557693481445, 39.523535346984865], "Pleasants": [50.152761459350586, 131.50958251953125, 61.88674697875977, 38.41057481765747], "Fayette": [48.6784013748169, 175.26953125, 60.10380325317383, 37.24379587173462], "Jefferson": [50.593821334838864, 107.44454193115234, 61.62366905212403, 39.55609006881714], "Mercer": [47.294130897521974, 175.04318237304688, 58.76659030914307, 35.81177563667298], "Wyoming": [49.2417407989502, 186.71136474609375, 60.866559982299805, 37.60865697860718], "Braxton": [50.51951942443848, 163.7393341064453, 62.58484573364258, 38.44836349487305], "Roane": [50.891210937500006, 162.08486938476562, 62.60658493041993, 39.166671943664554], "Grant": [47.52788047790527, 141.28428649902344, 58.85996036529541, 36.187622213363646], "Monroe": [49.44074268341065, 182.08567810058594, 61.224944305419925, 37.64871802330017], "Doddridge": [49.96434078216553, 169.53651428222656, 62.446819686889654, 37.47454566955567], "Wirt": [50.65449161529541, 147.48074340820312, 62.487012481689455, 38.81640634536743], "Tyler": [49.61058101654053, 164.98216247558594, 61.37428970336914, 37.83722367286682], "Greenbrier": [46.950104331970216, 181.9468231201172, 58.06460514068604, 35.82645182609558], "Ritchie": [50.32687759399414, 145.27401733398438, 62.48408393859863, 38.15985221862793], "Randolph": [44.84777517318726, 202.8424835205078, 55.0037935256958, 34.683033204078676], "Marion": [48.82373676300049, 149.9710693359375, 60.157789039611814, 37.48028559684754], "Pendleton": [47.14733123779297, 162.2347869873047, 58.07722911834717, 36.208089399337766], "Summers": [48.67407379150391, 174.30081176757812, 60.33349475860596, 37.005594682693484], "Berkeley": [50.042432975769046, 114.58831787109375, 61.58405303955078, 38.49089860916138], "Upshur": [48.88818359375, 177.98219299316406, 60.184420585632324, 37.58406820297241], "Taylor": [49.17713260650635, 159.2704315185547, 60.167891311645505, 38.17906241416931], "Raleigh": [48.46520824432373, 182.53367614746094, 59.706640625000006, 37.216058826446535], "Nicholas": [48.12320041656494, 194.62271118164062, 59.477615165710446, 36.760595703125], "Mason": [50.563519668579104, 157.28672790527344, 62.39435997009278, 38.72439713478089], "Gilmer": [50.698831748962405, 156.42527770996094, 63.15212135314941, 38.2377667427063], "Brooke": [47.318017578125, 123.81917572021484, 58.2845703125, 36.34238266944885], "Calhoun": [50.54939365386963, 160.3445281982422, 62.481042098999026, 38.609680557250975], "Lincoln": [52.09302940368653, 157.72694396972656, 64.15553359985353, 40.02050447463989], "Ohio": [47.83408145904541, 149.25662231445312, 59.21415958404541, 36.443945264816286], "Morgan": [49.39944782257081, 133.45872497558594, 60.627372169494635, 38.160822534561156], "Kanawha": [51.411217880249026, 165.53558349609375, 62.910535430908205, 39.902296733856204], "Lewis": [50.36818790435791, 166.54002380371094, 62.624667739868165, 38.105120992660524], "Mingo": [51.95678520202637, 174.29562377929688, 64.45219535827637, 39.45165042877197], "Wayne": [52.299489974975586, 135.93844604492188, 64.58182029724122, 40.0072865486145]}