{"Pocahontas": [66.64705085754395, 229.57614135742188, 75.19464073181152, 58.0906925201416], "Putnam": [75.37395820617675, 89.2822265625, 85.75979766845703, 64.9796215057373], "Wetzel": [72.9647216796875, 115.99161529541016, 83.59085617065429, 62.330268478393556], "Boone": [74.80560455322265, 129.91046142578125, 84.64041099548339, 64.9625], "Cabell": [75.56862907409669, 96.3062515258789, 85.60548095703126, 65.52306022644044], "Marshall": [73.11437606811523, 109.25143432617188, 84.14640731811524, 62.074249267578125], "Jackson": [74.26457595825195, 120.24788665771484, 84.6660400390625, 63.85327224731445], "Monongalia": [72.74059028625489, 82.87605285644531, 82.93140525817871, 62.54072532653809], "Mineral": [74.19290733337402, 111.76138305664062, 85.81955299377441, 62.5566967010498], "Hancock": [72.56474723815919, 105.012451171875, 83.55209846496582, 61.569630050659185], "Preston": [70.97418441772462, 115.79048156738281, 80.6562328338623, 61.28327827453613], "Hardy": [72.46601448059081, 149.3057098388672, 83.38146362304687, 61.53981246948243], "Wood": [74.36039047241212, 99.46747589111328, 84.79801330566406, 63.913978576660156], "Webster": [69.42699356079102, 205.92269897460938, 78.40486297607421, 60.440889549255374], "Hampshire": [73.87879447937013, 137.1952362060547, 85.43060951232911, 62.31793975830078], "McDowell": [73.08309593200684, 144.67822265625, 82.52581748962402, 63.63167114257813], "Harrison": [73.65212936401367, 119.23208618164062, 84.06645774841309, 63.22732963562012], "Barbour": [72.54586791992188, 133.57752990722656, 82.52254905700684, 62.5598690032959], "Tucker": [68.530859375, 148.60548400878906, 78.10314407348633, 58.94802608489991], "Clay": [74.0328125, 169.7171630859375, 83.87901725769044, 64.1785499572754], "Logan": [75.17851486206055, 153.4505157470703, 85.19025955200195, 65.15895957946778], "Pleasants": [73.84305114746094, 105.46568298339844, 84.11001510620117, 63.56520729064941], "Fayette": [71.72825164794922, 164.99765014648438, 81.00910339355468, 62.438349914550784], "Jefferson": [75.73293647766113, 114.70120239257812, 85.95094261169433, 65.50949897766114], "Mercer": [71.18466873168946, 133.5894317626953, 80.80233726501464, 61.558509826660156], "Wyoming": [72.97076072692872, 155.28468322753906, 82.53810844421386, 63.39358024597168], "Braxton": [73.65023078918458, 198.0546417236328, 83.44793434143067, 63.843374252319336], "Roane": [74.00724182128906, 132.65118408203125, 84.0655616760254, 63.93921966552735], "Grant": [71.58986854553223, 131.42745971679688, 82.34377403259278, 60.82556037902832], "Monroe": [72.3570713043213, 150.40988159179688, 81.95302124023438, 62.75312881469726], "Doddridge": [73.71927642822266, 123.85965728759766, 84.26349754333496, 63.167485046386716], "Wirt": [73.95918006896973, 122.34358978271484, 84.287451171875, 63.621972274780276], "Tyler": [73.65574111938477, 118.75662231445312, 84.1346622467041, 63.169490051269534], "Greenbrier": [69.68232955932618, 169.10899353027344, 78.65824203491212, 60.69766063690186], "Ritchie": [73.89286384582519, 125.2657241821289, 84.23704109191894, 63.54090690612793], "Randolph": [68.14357414245606, 203.7777099609375, 77.3731575012207, 58.90601711273193], "Marion": [73.06271629333497, 102.6728515625, 83.34810638427734, 62.77047348022461], "Pendleton": [69.7645004272461, 188.58575439453125, 79.9290683746338, 59.59099922180176], "Summers": [72.05741920471192, 160.85231018066406, 81.58184127807618, 62.52563629150391], "Berkeley": [75.7288200378418, 105.19174194335938, 86.89571189880371, 64.55155982971192], "Upshur": [72.02338218688965, 150.6396484375, 81.57404785156251, 62.464270782470706], "Taylor": [73.47284278869628, 108.7984390258789, 83.6953670501709, 63.24356880187989], "Raleigh": [71.459375, 169.74224853515625, 80.75592689514161, 62.15414390563965], "Nicholas": [71.12322769165038, 165.9989776611328, 80.75173492431641, 61.486195755004886], "Mason": [73.89534606933594, 104.81840515136719, 84.12247772216797, 63.65993690490723], "Gilmer": [74.04548797607421, 170.36734008789062, 84.25077400207519, 63.83256301879883], "Brooke": [73.43456916809083, 91.51993560791016, 84.89301757812501, 61.96879768371582], "Calhoun": [73.81434593200683, 154.38059997558594, 83.86077995300293, 63.75698394775391], "Lincoln": [75.95142707824706, 108.05706024169922, 86.37399520874024, 65.52033081054688], "Ohio": [73.2700180053711, 95.03217315673828, 84.7009765625, 61.828711700439456], "Morgan": [74.94589309692384, 126.3829574584961, 86.51824569702148, 63.36542434692383], "Kanawha": [75.17786254882813, 118.63043975830078, 85.20959548950196, 65.13588485717773], "Lewis": [73.75102691650392, 145.20828247070312, 83.83783226013185, 63.65671310424805], "Mingo": [75.42239074707032, 137.40870666503906, 85.47826957702637, 65.35846099853515], "Wayne": [75.59600219726562, 106.99713134765625, 85.91116180419922, 65.2723487854004]}