{"Pocahontas": [34.05782058238983, 144.20562744140625, 42.81047477722168, 25.30063924789429], "Putnam": [39.469075775146486, 119.27799224853516, 48.98844413757324, 29.94029951095581], "Wetzel": [35.477235722541806, 124.29664611816406, 44.09406414031982, 26.852371835708617], "Boone": [40.15716238021851, 160.3992156982422, 49.73005390167236, 30.575815892219545], "Cabell": [39.11481947898865, 117.87908935546875, 47.96866397857666, 30.2520751953125], "Marshall": [33.87746648788452, 117.00890350341797, 42.49152450561523, 25.254782915115356], "Jackson": [38.00031743049622, 118.26497650146484, 48.48444805145264, 27.507641506195068], "Monongalia": [36.21984519958496, 129.25790405273438, 44.82805471420288, 27.6033362865448], "Mineral": [38.2307354927063, 52.11294174194336, 47.987744140625, 28.465951871871948], "Hancock": [33.28686519861221, 88.49169921875, 41.0587399482727, 25.507812643051146], "Preston": [36.022012758255, 136.05909729003906, 45.10997247695923, 26.924557590484618], "Hardy": [38.650466442108154, 66.96560668945312, 49.444266891479494, 27.847101879119872], "Wood": [37.094349193572995, 117.2573013305664, 46.10382318496704, 28.078141355514525], "Webster": [36.94288592338562, 177.04054260253906, 46.03553285598755, 27.8425253868103], "Hampshire": [38.35544147491455, 57.09431457519531, 48.218879318237306, 28.483777403831482], "McDowell": [39.93799200057983, 189.3220977783203, 49.670358657836914, 30.198056149482728], "Harrison": [38.59363322257995, 129.7059326171875, 48.17043132781983, 29.010092043876647], "Barbour": [38.71597156524658, 144.91856384277344, 48.41763744354248, 29.006246399879455], "Tucker": [35.86595454216003, 158.34947204589844, 45.23344249725342, 26.490753412246704], "Clay": [39.94756813049317, 143.17672729492188, 50.093826675415045, 29.793082928657533], "Logan": [40.699096488952634, 186.00985717773438, 50.50871505737305, 30.880786168575288], "Pleasants": [36.44349894523621, 115.58282470703125, 45.38348226547241, 27.497321224212648], "Fayette": [38.670192050933835, 167.15667724609375, 48.522558593750006, 28.80865685939789], "Jefferson": [39.957776832580564, 63.49301528930664, 49.218945884704596, 30.68377126455307], "Mercer": [37.48259015083313, 155.333251953125, 46.888996315002444, 28.068530464172362], "Wyoming": [39.58234825134277, 200.3998565673828, 49.213402938842776, 29.943311953544615], "Braxton": [39.93491582870483, 136.3297882080078, 49.96310653686524, 29.89817080497742], "Roane": [38.67127351760864, 109.79644775390625, 48.72167205810547, 28.61128897666931], "Grant": [37.8278076171875, 87.15828704833984, 47.98496150970459, 27.66230454444885], "Monroe": [39.31054391860962, 141.4606170654297, 48.98064212799072, 29.630914425849916], "Doddridge": [37.450689458847044, 132.0902099609375, 46.746719932556154, 28.144937801361085], "Wirt": [37.75166034698486, 104.42475128173828, 47.37148494720459, 28.119873094558717], "Tyler": [36.35868921279907, 125.19409942626953, 45.10963687896729, 27.59839458465576], "Greenbrier": [37.49556818008423, 148.8349609375, 46.978388977050784, 28.003720998764038], "Ritchie": [37.487664461135864, 108.30913543701172, 46.818786811828616, 28.148833656311034], "Randolph": [35.477520895004275, 162.4493865966797, 44.8471640586853, 26.100257253646852], "Marion": [37.553216791152956, 127.34042358398438, 46.43135395050049, 28.667761492729188], "Pendleton": [37.50558247566223, 95.97769165039062, 47.459245109558104, 27.54474267959595], "Summers": [38.64053883552551, 151.3095703125, 48.300106048583984, 28.971318888664246], "Berkeley": [39.33457822799683, 59.99675750732422, 49.039812088012695, 29.618726468086244], "Upshur": [38.78675699234009, 158.88462829589844, 48.548769569396974, 29.015862226486206], "Taylor": [38.541312551498415, 130.4952392578125, 47.94933662414551, 29.12646880149841], "Raleigh": [38.24595198631287, 183.15321350097656, 47.62021713256836, 28.8628413438797], "Nicholas": [38.594996213912964, 158.9836883544922, 48.63818798065186, 28.543419861793517], "Mason": [37.409604454040526, 111.84214782714844, 47.16419010162353, 27.645337963104247], "Gilmer": [39.418408203125, 106.82780456542969, 49.4601490020752, 29.368994140625], "Brooke": [33.94853515625, 82.79345703125, 42.27807645797729, 25.613134622573853], "Calhoun": [38.94721875190735, 98.35240936279297, 48.788178825378424, 29.098462891578674], "Lincoln": [40.27974319458008, 146.30810546875, 50.05032081604004, 30.50090072154999], "Ohio": [33.90488274097443, 94.21511840820312, 42.346093845367434, 25.45527353286743], "Morgan": [38.48787908554077, 62.305320739746094, 47.856553649902345, 29.108863639831544], "Kanawha": [39.937325954437256, 138.6081085205078, 49.679377746582034, 30.186230397224428], "Lewis": [39.545097732543944, 138.91392517089844, 49.595018196105954, 29.48516619205475], "Mingo": [40.80638570785523, 187.87518310546875, 50.91100006103515, 30.69210242033005], "Wayne": [39.51144866943359, 143.56727600097656, 49.04118022918701, 29.972205567359925]}