{"Pocahontas": [32.04823148585856, 98.00106811523438, 39.51404676437378, 24.5823805809021], "Putnam": [39.631315517425534, 93.4892578125, 48.66721935272217, 30.585709595680235], "Wetzel": [36.4804130077362, 112.45746612548828, 44.332310390472415, 28.61913025379181], "Boone": [40.067870140075684, 94.96179962158203, 48.39763202667237, 31.728362339735032], "Cabell": [39.780444622039795, 88.4333267211914, 48.171142005920416, 31.379638689756394], "Marshall": [35.135324239730835, 112.92587280273438, 43.34128351211548, 26.919758367538453], "Jackson": [39.674926948547366, 95.31220245361328, 49.154076766967776, 30.185180687904356], "Monongalia": [36.15175142288208, 108.2003402709961, 44.23267469406128, 28.06209659576416], "Mineral": [35.78866057395935, 62.16941452026367, 44.181776237487796, 27.383984375], "Hancock": [34.281347727775575, 87.65421295166016, 40.803417682647705, 27.75019516944885], "Preston": [34.9329273223877, 118.62882232666016, 42.893215560913085, 26.96383285522461], "Hardy": [36.340851879119874, 69.45924377441406, 46.27699089050293, 26.396868801116945], "Wood": [38.82939939498901, 92.71588897705078, 47.098239517211915, 30.551055991649626], "Webster": [36.23756880760193, 108.64177703857422, 43.866930389404295, 28.599294567108153], "Hampshire": [36.215269565582275, 67.89170837402344, 45.58970079421997, 26.82967562675476], "McDowell": [38.81371555328369, 86.1591567993164, 47.51865196228027, 30.098791456222536], "Harrison": [38.1104974269867, 98.9913558959961, 46.50657081604004, 29.706212186813353], "Barbour": [37.33376703262329, 107.37693786621094, 45.6388337135315, 29.020938897132872], "Tucker": [34.1146484375, 125.049072265625, 42.02438497543335, 26.199061250686647], "Clay": [39.403840160369874, 98.00682067871094, 47.96083793640137, 30.839777445793153], "Logan": [40.640771102905276, 92.08768463134766, 49.268384361267096, 32.00346679685172], "Pleasants": [37.6142020702362, 96.28287506103516, 45.603626823425294, 29.614564752578737], "Fayette": [37.04321556091308, 90.2171401977539, 45.55101089477539, 28.527768850326538], "Jefferson": [37.469779920578006, 79.59872436523438, 46.02633180618286, 28.906196784973144], "Mercer": [36.625210237503055, 60.810997009277344, 44.836547660827634, 28.404299902915955], "Wyoming": [38.0530749797821, 91.98078918457031, 46.682556343078616, 29.413592624664307], "Braxton": [39.60738334655762, 96.75694274902344, 47.979780769348146, 31.22658395767212], "Roane": [39.260586166381835, 91.92913055419922, 48.13341426849365, 30.379132831096648], "Grant": [35.651733589172366, 80.70944213867188, 44.19216346740723, 27.10366220474243], "Monroe": [37.304161882400514, 70.6776351928711, 45.60947961807251, 28.990451622009278], "Doddridge": [38.240449810028075, 99.34163665771484, 46.201546573638915, 30.270958268642424], "Wirt": [38.88974609375, 95.05194854736328, 47.59199256896973, 30.179540967941286], "Tyler": [37.56947870254517, 102.86930847167969, 45.26509599685669, 29.865887093544007], "Greenbrier": [34.997365140914916, 88.1949691772461, 43.34085092544556, 26.646825790405273], "Ritchie": [38.293295335769656, 95.2943115234375, 46.54750518798828, 30.030170249938966], "Randolph": [33.883075737953185, 110.27838897705078, 42.13326463699341, 25.62875967025757], "Marion": [37.056831741333006, 103.34550476074219, 45.42219018936157, 28.680783724784852], "Pendleton": [35.37804355621338, 86.74702453613281, 44.131657123565674, 26.61712236404419], "Summers": [37.26083498001098, 67.841796875, 45.48349475860596, 29.02786672115326], "Berkeley": [37.153871059417725, 77.99019622802734, 46.370469093322754, 27.92837882041931], "Upshur": [37.6445869922638, 108.85958099365234, 45.78708820343017, 29.4935791015625], "Taylor": [37.552648591995236, 104.67406463623047, 45.77646837234497, 29.31736719608307], "Raleigh": [36.92398428916931, 79.9669418334961, 45.018840885162355, 28.81911790370941], "Nicholas": [37.437529468536376, 96.94112396240234, 46.028679275512694, 28.836288976669312], "Mason": [38.508670282363894, 87.44817352294922, 47.129262161254886, 29.880078125], "Gilmer": [39.18837122917175, 86.41893005371094, 47.82342300415039, 30.54334807395935], "Brooke": [35.378076171875, 87.96817779541016, 42.72031221389771, 28.025000143051148], "Calhoun": [39.062890625, 95.75957489013672, 47.53229904174805, 30.584540581703187], "Lincoln": [41.01041555404663, 92.8503646850586, 49.90486869812012, 32.10630830153823], "Ohio": [35.05703120231628, 90.43338012695312, 43.016015243530276, 27.08818349838257], "Morgan": [36.585150480270386, 77.3873519897461, 45.925752830505374, 27.23260564804077], "Kanawha": [39.60588903427124, 96.96919250488281, 48.27204456329346, 30.930562174320222], "Lewis": [38.88365340232849, 96.46018981933594, 47.260315322875975, 30.496802198886872], "Mingo": [41.348982429504396, 96.00741577148438, 50.41243362426758, 32.27402029335499], "Wayne": [41.0618392944336, 93.68716430664062, 50.08405914306641, 32.02983774133027]}