{"Pocahontas": [69.6512004852295, 93.57311248779297, 80.46254043579103, 58.83241729736328], "Putnam": [79.38834533691406, 114.80414581298828, 91.21634292602539, 67.54941291809082], "Wetzel": [75.88265953063964, 57.77912139892578, 88.15950355529785, 63.596147537231445], "Boone": [77.80930442810059, 115.83316802978516, 88.7329315185547, 66.87704620361328], "Cabell": [79.71918830871581, 125.0793685913086, 91.48876953125, 67.94074592590331], "Marshall": [76.0279296875, 39.172122955322266, 88.3115234375, 63.73607902526855], "Jackson": [78.5027099609375, 111.35679626464844, 90.57341613769532, 66.42336578369141], "Monongalia": [75.80408325195313, 70.70184326171875, 87.69461708068849, 63.90484275817872], "Mineral": [77.08863563537598, 88.96150207519531, 90.70235443115234, 63.468393707275396], "Hancock": [75.86005859375001, 82.21907806396484, 87.01836051940919, 64.69267578125], "Preston": [73.91888084411622, 93.90695190429688, 85.47346649169921, 62.35394058227539], "Hardy": [75.43025283813478, 86.68937683105469, 88.37943611145019, 62.47186851501465], "Wood": [78.59734344482422, 100.97933959960938, 90.9716567993164, 66.21501693725585], "Webster": [72.49724998474122, 167.19557189941406, 83.54876136779785, 61.43589553833008], "Hampshire": [76.72748756408691, 99.35826873779297, 89.9324737548828, 63.513623046875], "McDowell": [74.96916694641114, 123.49059295654297, 86.03741188049317, 63.8924488067627], "Harrison": [77.04292221069336, 98.8002700805664, 89.28322639465333, 64.79348907470703], "Barbour": [75.67852325439453, 106.5435562133789, 87.4865463256836, 63.86001853942871], "Tucker": [71.64457359313965, 119.84845733642578, 83.17845001220704, 60.10151844024658], "Clay": [77.28927688598634, 128.42019653320312, 88.65864334106445, 65.91231613159181], "Logan": [77.92907600402833, 131.4238739013672, 89.01171989440918, 66.8355728149414], "Pleasants": [77.33331489562988, 89.48670196533203, 89.64528427124023, 65.01037979125977], "Fayette": [74.57704429626466, 102.5736083984375, 85.543452835083, 63.60217628479004], "Jefferson": [79.07698936462403, 73.0830078125, 90.78694915771484, 67.35797271728515], "Mercer": [72.54651336669923, 87.97136688232422, 83.773201751709, 61.31268730163575], "Wyoming": [75.28983726501465, 105.39813232421875, 86.29709434509277, 64.27381858825683], "Braxton": [76.99603462219238, 161.7748565673828, 88.85144996643066, 65.1294921875], "Roane": [77.74667205810547, 139.3697509765625, 89.68158721923828, 65.80261764526367], "Grant": [74.48647575378419, 84.73444366455078, 87.61797027587892, 61.345508956909185], "Monroe": [74.79954147338867, 118.67139434814453, 86.8160472869873, 62.77345352172851], "Doddridge": [77.11490325927736, 92.75117492675781, 89.58267250061036, 64.63827285766601], "Wirt": [77.9071273803711, 138.904296875, 90.278955078125, 65.52798004150391], "Tyler": [76.63913345336914, 66.07364654541016, 88.91603927612306, 64.35309524536133], "Greenbrier": [72.08836631774903, 120.40330505371094, 83.54044609069825, 60.626385116577154], "Ritchie": [77.4522590637207, 122.84002685546875, 89.86906890869142, 65.02585678100587], "Randolph": [71.3456527709961, 149.32730102539062, 82.55165252685546, 60.13066654205322], "Marion": [76.09673500061035, 75.6242446899414, 88.14786834716797, 64.03559379577638], "Pendleton": [72.95955467224121, 87.34080505371094, 85.07623863220215, 60.83370742797852], "Summers": [74.66306381225587, 103.62286376953125, 86.23697853088379, 63.0804801940918], "Berkeley": [78.6589183807373, 70.01761627197266, 91.18466796875, 66.12262191772462], "Upshur": [75.23678703308106, 131.74803161621094, 86.94557609558106, 63.5186149597168], "Taylor": [76.52046737670898, 74.11437225341797, 88.43281250000001, 64.5987735748291], "Raleigh": [74.07834739685059, 101.58260345458984, 84.98039321899415, 63.16534957885742], "Nicholas": [73.93500671386718, 114.6634750366211, 85.07785224914551, 62.78200225830078], "Mason": [78.57805557250977, 137.98526000976562, 90.3793701171875, 66.76632118225098], "Gilmer": [77.57632560729981, 150.56671142578125, 89.79620208740235, 65.3463794708252], "Brooke": [76.75551643371583, 36.48421096801758, 88.7087890625, 64.79741325378419], "Calhoun": [77.40934028625489, 175.69435119628906, 89.50206031799317, 65.3093246459961], "Lincoln": [79.36751251220704, 123.93844604492188, 90.99669876098633, 67.72890205383301], "Ohio": [76.45185432434081, 31.16845703125, 88.71523323059083, 64.17812423706056], "Morgan": [77.59662284851075, 93.87471008300781, 90.43222122192384, 64.75104408264161], "Kanawha": [78.67424087524415, 100.95063781738281, 89.95082092285156, 67.3894142150879], "Lewis": [77.25357131958009, 126.92459106445312, 89.50552444458009, 64.99277076721191], "Mingo": [78.17898063659669, 143.43984985351562, 89.38489456176758, 66.96337127685547], "Wayne": [79.27194862365724, 146.98085021972656, 90.92232818603516, 67.61071319580078]}