{"Pocahontas": [62.354146575927736, 197.99966430664062, 72.15342254638672, 52.545890998840335], "Putnam": [71.39703788757325, 89.33241271972656, 83.0403964996338, 59.746093559265134], "Wetzel": [68.6418830871582, 138.00892639160156, 80.70374183654786, 56.56844234466553], "Boone": [70.06144714355469, 137.53973388671875, 81.01493301391602, 59.09832592010498], "Cabell": [71.712939453125, 75.8058090209961, 83.24188232421875, 60.174804115295416], "Marshall": [68.30385780334473, 125.17719268798828, 80.26213264465332, 56.337322616577154], "Jackson": [70.50373611450195, 92.58395385742188, 82.32949180603028, 58.66987285614014], "Monongalia": [68.32790412902833, 67.66078186035156, 79.85552177429199, 56.791265678405765], "Mineral": [68.82451705932618, 110.82921600341797, 81.66506614685059, 55.97872543334961], "Hancock": [68.05683708190918, 73.03336334228516, 79.30420036315918, 56.80068302154541], "Preston": [66.64419097900391, 99.68746185302734, 77.7537582397461, 55.52568359375], "Hardy": [67.89625129699706, 113.42591857910156, 80.30929832458497, 55.47316722869873], "Wood": [70.8777759552002, 108.58767700195312, 82.4125415802002, 59.33478946685791], "Webster": [64.58305969238282, 173.08847045898438, 75.08543319702149, 54.07070064544678], "Hampshire": [68.57575225830078, 127.10955047607422, 81.27035827636719, 55.87088260650635], "McDowell": [68.47432098388671, 121.27275085449219, 80.03733520507814, 56.903425788879396], "Harrison": [70.36522941589357, 141.2899627685547, 82.43841094970703, 58.28294296264649], "Barbour": [68.94633483886719, 147.61300659179688, 80.44922637939453, 57.43163299560547], "Tucker": [64.5004322052002, 136.9898223876953, 75.5285530090332, 53.4621301651001], "Clay": [69.18901252746582, 151.21771240234375, 80.5470012664795, 57.82189998626709], "Logan": [70.52775840759278, 138.1534423828125, 81.9529525756836, 59.09550724029541], "Pleasants": [70.00055885314941, 125.41759490966797, 81.83591041564941, 58.16093807220459], "Fayette": [66.76668853759766, 173.04986572265625, 77.51943359375, 56.004756164550784], "Jefferson": [71.52984886169435, 107.65308380126953, 83.28028984069825, 59.770666885375974], "Mercer": [66.07727928161621, 136.6079864501953, 77.26675491333009, 54.878065299987796], "Wyoming": [68.17430839538574, 133.21304321289062, 79.39620742797851, 56.943549919128415], "Braxton": [68.96591796875, 120.17151641845703, 80.64563789367676, 57.27708625793457], "Roane": [69.7059467315674, 121.70559692382812, 81.2802734375, 58.12207736968995], "Grant": [66.97172775268555, 97.19276428222656, 79.39877891540527, 54.535987091064456], "Monroe": [67.3836498260498, 186.2271270751953, 78.65496673583985, 56.10277824401855], "Doddridge": [69.67153549194336, 143.0653076171875, 82.14081192016602, 57.194762611389166], "Wirt": [70.0475082397461, 119.36387634277344, 81.84545822143555, 58.24101638793945], "Tyler": [69.3268051147461, 144.28762817382812, 81.40207748413087, 57.24214458465576], "Greenbrier": [64.63520698547364, 161.04640197753906, 75.40271492004395, 53.85871601104736], "Ritchie": [69.92525787353516, 127.1796875, 82.1387622833252, 57.70220737457275], "Randolph": [64.42939186096191, 176.33297729492188, 74.9431396484375, 53.90706100463868], "Marion": [69.534175491333, 102.8420181274414, 81.3975799560547, 57.66104984283447], "Pendleton": [66.24361915588379, 124.4310073852539, 77.4593246459961, 55.019873046875006], "Summers": [67.20618286132813, 159.20033264160156, 78.25352973937989, 56.14993019104004], "Berkeley": [71.26098937988282, 99.42121124267578, 83.6243507385254, 58.88915309906006], "Upshur": [67.92683105468751, 152.3327178955078, 79.40719718933106, 56.43651371002197], "Taylor": [70.22039871215821, 122.25718688964844, 81.85079002380371, 58.5796012878418], "Raleigh": [66.65843887329102, 147.13526916503906, 77.30669364929199, 56.00217094421387], "Nicholas": [66.13842506408692, 184.16754150390625, 77.17987709045411, 55.089641380310056], "Mason": [70.2095703125, 75.04508972167969, 82.12835273742675, 58.28286399841309], "Gilmer": [69.87747764587402, 121.671875, 82.2266529083252, 57.51954936981201], "Brooke": [69.092041015625, 82.52490234375, 80.83715705871583, 57.334912109375], "Calhoun": [69.54798393249513, 128.2082061767578, 81.48628082275391, 57.59994010925293], "Lincoln": [71.58069152832032, 118.08118438720703, 83.16651268005371, 59.98411235809326], "Ohio": [68.83886795043946, 99.10063934326172, 80.7038070678711, 56.9662109375], "Morgan": [70.18216972351075, 104.90323638916016, 82.72664413452148, 57.630509567260745], "Kanawha": [70.6751880645752, 117.1989974975586, 81.74835968017578, 59.59342651367187], "Lewis": [69.778071975708, 133.4709014892578, 82.02650947570801, 57.52123336791992], "Mingo": [71.19737510681153, 133.38047790527344, 83.07123031616212, 59.31385536193848], "Wayne": [71.67741241455079, 94.72027587890625, 83.37819862365723, 59.966369438171384]}