{"Pocahontas": [43.069764137268066, 116.76581573486328, 52.55291023254395, 33.5770347237587], "Putnam": [50.1949541091919, 90.24610900878906, 61.507876586914065, 38.87395839691162], "Wetzel": [46.56727542877197, 124.83412170410156, 56.93971843719483, 36.182808828353885], "Boone": [50.43756141662598, 112.89952850341797, 61.28640251159668, 39.57841892242432], "Cabell": [50.457800292968756, 99.23665618896484, 61.217810058593756, 39.6902099609375], "Marshall": [45.56111488342285, 147.2942352294922, 56.07520427703858, 35.038644552230835], "Jackson": [49.14689960479737, 102.63568878173828, 60.67197322845459, 37.6129150390625], "Monongalia": [46.76623096466064, 96.22505950927734, 56.61093025207519, 36.91161608695984], "Mineral": [47.2201208114624, 62.455528259277344, 57.747998046875, 36.6814263343811], "Hancock": [44.728759765625, 160.9884490966797, 53.725829505920416, 35.720117044448855], "Preston": [45.73839044570923, 95.35411834716797, 55.294996452331546, 36.17216796875], "Hardy": [46.9473217010498, 47.1784782409668, 58.34153785705567, 35.544487071037295], "Wood": [48.739976310729986, 100.72472381591797, 59.32308044433594, 38.14709992408753], "Webster": [46.01106853485108, 103.54435729980469, 55.2647102355957, 36.748906421661374], "Hampshire": [46.821734237670896, 57.584842681884766, 58.2006175994873, 35.43567972183227], "McDowell": [49.90009479522705, 144.02609252929688, 60.8473991394043, 38.94201526641846], "Harrison": [48.20566654205322, 95.27715301513672, 58.84552192687988, 37.55796709060669], "Barbour": [48.090649986267096, 91.91778564453125, 58.38453388214111, 37.78665223121643], "Tucker": [44.85729637145996, 108.76429748535156, 54.49186668395996, 35.21572120189667], "Clay": [49.64571838378906, 94.14510345458984, 61.071365737915045, 38.20962200164795], "Logan": [50.78647518157959, 141.01885986328125, 61.8922607421875, 39.67451152801514], "Pleasants": [47.89824161529541, 102.56719970703125, 58.715402603149414, 37.07011704444885], "Fayette": [48.40173473358155, 101.96607971191406, 59.53978576660157, 37.25389471054077], "Jefferson": [48.274253845214844, 63.01458740234375, 59.132901954650876, 37.406551885604856], "Mercer": [47.532571983337405, 135.32118225097656, 58.06040802001954, 36.9965142250061], "Wyoming": [49.4490442276001, 139.4779510498047, 60.4960168838501, 38.392261552810666], "Braxton": [49.053011131286624, 83.77205657958984, 59.91269092559814, 38.18383417129517], "Roane": [48.91456279754639, 94.21587371826172, 60.247272682189944, 37.572781038284305], "Grant": [46.890014266967775, 70.86305236816406, 57.189550971984865, 36.58164043426514], "Monroe": [48.652475357055664, 95.7297134399414, 59.205614280700686, 38.09044909477234], "Doddridge": [47.420392990112305, 104.37467956542969, 58.09953308105469, 36.73328695297241], "Wirt": [48.48857479095459, 97.59060668945312, 59.659423446655275, 37.30937480926514], "Tyler": [47.414043235778806, 110.59565734863281, 57.9458703994751, 36.87098426818848], "Greenbrier": [46.58796062469482, 105.2815933227539, 56.62806377410889, 36.53931818008423], "Ritchie": [47.87776756286621, 100.2298583984375, 58.89224643707276, 36.853747320175174], "Randolph": [44.71962909698486, 112.34161376953125, 54.50838565826416, 34.921145987510684], "Marion": [47.69195613861084, 96.12368774414062, 57.842892456054685, 37.53215866088867], "Pendleton": [46.157959175109866, 73.60835266113281, 57.17202091217041, 35.13463544845581], "Summers": [48.672077369689944, 110.91301727294922, 59.215405845642096, 38.11998815536499], "Berkeley": [47.62136383056641, 63.546817779541016, 59.20408134460449, 36.02869510650635], "Upshur": [47.95133304595947, 89.42002868652344, 58.20185871124268, 37.68991332054138], "Taylor": [48.27108669281006, 93.36840057373047, 58.44446086883545, 38.08758578300476], "Raleigh": [48.28585472106934, 120.72885131835938, 58.954315757751466, 37.60866169929504], "Nicholas": [47.90957469940186, 105.09815216064453, 59.11965484619141, 36.691689538955686], "Mason": [48.88371181488037, 97.36363220214844, 60.33899478912353, 37.419590854644774], "Gilmer": [48.10754661560058, 91.19567108154297, 59.28621959686279, 36.9184606552124], "Brooke": [45.659228801727295, 147.0216522216797, 55.38505859375, 35.92402329444885], "Calhoun": [48.23863410949707, 94.48787689208984, 59.49257030487061, 36.97571744918823], "Lincoln": [51.08199882507324, 113.01871490478516, 62.3168342590332, 39.84005403518677], "Ohio": [45.59921855926514, 151.41949462890625, 55.62695350646973, 35.55917978286743], "Morgan": [46.68807525634766, 62.44700622558594, 58.5098295211792, 34.85556640625], "Kanawha": [50.446472358703616, 97.75343322753906, 61.33685722351075, 39.546352577209475], "Lewis": [48.54015216827393, 88.22268676757812, 59.465164566040045, 37.603846597671506], "Mingo": [51.31776371002198, 152.97369384765625, 62.69441032409668, 39.93130664825439], "Wayne": [51.133564186096194, 129.7945098876953, 62.17934036254883, 40.07919893264771]}