{"Pocahontas": [52.13852310180664, 119.97720336914062, 61.76480903625489, 42.50301380157471], "Putnam": [60.37906913757324, 163.8721923828125, 71.78867301940917, 48.95944023132324], "Wetzel": [57.60046710968018, 139.89503479003906, 69.4461784362793, 45.74549722671509], "Boone": [60.639149856567386, 182.6212615966797, 72.16109924316407, 49.10607509613037], "Cabell": [60.83779296875, 154.42498779296875, 72.02853889465332, 49.6389892578125], "Marshall": [57.12719326019287, 107.44188690185547, 68.90654029846192, 45.3350926399231], "Jackson": [60.11745548248291, 176.74871826171875, 72.11677284240723, 48.108032417297366], "Monongalia": [57.15743827819824, 91.39328002929688, 68.13578414916992, 46.16837215423584], "Mineral": [58.268174934387204, 86.93431091308594, 69.44931640625, 47.078786849975586], "Hancock": [56.71235294342041, 79.27750396728516, 67.24091682434081, 46.17661104202271], "Preston": [55.7568359375, 106.60933685302734, 65.89524269104004, 45.60920839309692], "Hardy": [57.313823509216306, 93.73072814941406, 68.07422637939453, 46.54421615600586], "Wood": [59.690731048583984, 191.7479705810547, 71.39815025329591, 47.973958015441895], "Webster": [55.25825748443604, 176.06370544433594, 66.37104682922364, 44.137343406677246], "Hampshire": [57.953715324401855, 83.52621459960938, 68.89444503784179, 47.003791427612306], "McDowell": [57.959375, 180.43397521972656, 69.03640556335449, 46.87183876037598], "Harrison": [59.33723735809326, 134.2458953857422, 71.31132392883302, 47.35446643829346], "Barbour": [58.17843894958496, 125.41815185546875, 69.53944549560546, 46.80787944793701], "Tucker": [54.54969081878662, 112.25062561035156, 64.66805267333984, 44.421647262573245], "Clay": [59.64966106414795, 170.25619506835938, 71.42846565246583, 47.86137218475342], "Logan": [60.67053298950195, 176.85220336914062, 72.4559310913086, 48.876074600219724], "Pleasants": [58.76076927185059, 191.61471557617188, 70.70929031372071, 46.80379390716553], "Fayette": [58.63858070373536, 148.1968994140625, 70.17458572387696, 47.09362869262695], "Jefferson": [59.80300102233887, 79.09671020507812, 69.85992698669435, 49.7376070022583], "Mercer": [56.507449340820315, 183.9163360595703, 66.50769958496093, 46.498925018310544], "Wyoming": [57.90022735595703, 170.24227905273438, 68.88078422546387, 46.910193061828615], "Braxton": [58.580590057373044, 173.96710205078125, 70.42938270568848, 46.723137092590335], "Roane": [59.30986766815185, 186.82550048828125, 70.87636833190919, 47.73265705108643], "Grant": [56.84367733001709, 91.08890533447266, 67.6904052734375, 45.987549209594725], "Monroe": [57.519624900817874, 169.46914672851562, 67.95890083312989, 47.072425079345706], "Doddridge": [58.70027580261231, 161.6250457763672, 70.6629795074463, 46.72950057983398], "Wirt": [59.24897422790528, 188.8602752685547, 71.12841873168946, 47.35937423706055], "Tyler": [58.37486248016357, 159.72686767578125, 70.27345237731933, 46.46671104431152], "Greenbrier": [55.503767585754396, 132.3887481689453, 65.67268028259278, 45.32720136642456], "Ritchie": [58.68708362579346, 190.03587341308594, 70.68452987670898, 46.678362655639646], "Randolph": [54.28698883056641, 124.62427520751953, 64.75191268920898, 43.81256523132324], "Marion": [57.98427104949951, 108.58350372314453, 69.50174522399902, 46.457326316833495], "Pendleton": [55.75916366577148, 98.62220001220703, 66.43362770080566, 45.0753252029419], "Summers": [57.9337236404419, 165.7006072998047, 68.76673240661621, 47.09251804351807], "Berkeley": [59.53883991241455, 69.7950210571289, 70.17402610778808, 48.89521484375], "Upshur": [57.78673343658447, 146.94764709472656, 69.66009597778321, 45.9060546875], "Taylor": [58.58037548065185, 117.28644561767578, 69.93324356079103, 47.2171012878418], "Raleigh": [57.776174545288086, 156.5946502685547, 68.64554290771486, 46.8984411239624], "Nicholas": [57.775472450256345, 165.7458953857422, 69.56742286682129, 45.9756462097168], "Mason": [59.28820400238037, 156.00418090820312, 70.85140190124511, 47.71642303466797], "Gilmer": [58.4153247833252, 177.66395568847656, 70.3106788635254, 46.5117223739624], "Brooke": [57.341064453125, 82.01253509521484, 68.68877067565919, 45.9817873954773], "Calhoun": [58.53238410949707, 183.7498016357422, 70.14617576599122, 46.91064453125], "Lincoln": [61.48903503417969, 164.01927185058594, 73.4070037841797, 49.56343250274658], "Ohio": [57.35410213470459, 88.61322784423828, 68.8911148071289, 45.810937118530276], "Morgan": [58.66291370391846, 67.42790985107422, 69.50520591735841, 47.811574935913086], "Kanawha": [60.584273147583005, 199.91571044921875, 71.81391754150391, 49.34559764862061], "Lewis": [58.99466648101807, 155.72323608398438, 71.28332595825196, 46.69596824645996], "Mingo": [60.91788673400879, 168.5679168701172, 72.86528511047364, 48.960906219482425], "Wayne": [61.19419975280762, 155.81898498535156, 72.93075332641601, 49.44951114654541]}