{"Pocahontas": [43.213315105438234, 91.41663360595703, 53.75020885467529, 32.66763164997101], "Putnam": [48.715722274780276, 59.521087646484375, 61.31057929992676, 36.11038403511047], "Wetzel": [46.51055335998535, 65.53285217285156, 59.072918319702154, 33.941221308708194], "Boone": [49.54928760528564, 55.207576751708984, 62.51711502075196, 36.57255997657776], "Cabell": [48.9503662109375, 64.73274993896484, 61.399633789062506, 36.49110107421875], "Marshall": [46.303728866577146, 59.56422424316406, 58.29552574157715, 34.3044921875], "Jackson": [48.76372051239014, 51.73720932006836, 61.11831169128418, 36.40056171417236], "Monongalia": [46.892360877990725, 55.13178634643555, 58.671922492980954, 35.1053631067276], "Mineral": [47.9922399520874, 63.02135467529297, 60.54903793334961, 35.424759697914126], "Hancock": [46.47470703125, 61.8525390625, 56.405029296875, 36.537499856948855], "Preston": [46.11192560195923, 76.41282653808594, 57.92458095550538, 34.28949906826019], "Hardy": [48.10555019378663, 91.51396942138672, 60.56182670593262, 35.64012713432312], "Wood": [48.954161643981934, 55.083702087402344, 61.219550704956056, 36.68156108856201], "Webster": [45.82819423675537, 83.4997787475586, 57.220535850524904, 34.42621555328369], "Hampshire": [48.08201541900635, 68.57422637939453, 60.7639820098877, 35.391277360916135], "McDowell": [48.18955612182617, 45.5781364440918, 61.60115051269531, 34.767582654953], "Harrison": [47.46258392333984, 65.84134674072266, 60.684798049926755, 34.22903735637665], "Barbour": [47.39482231140137, 81.32486724853516, 59.792076492309576, 34.98705408573151], "Tucker": [45.09376163482666, 114.85167694091797, 56.79536151885986, 33.38242769241333], "Clay": [49.17034511566162, 68.49281311035156, 61.97408485412598, 36.35662240982056], "Logan": [49.99067363739014, 41.0634765625, 63.126025390625, 36.84521489143371], "Pleasants": [48.03694229125976, 60.541526794433594, 60.74266166687012, 35.32310268878937], "Fayette": [47.87073802947998, 68.08639526367188, 59.93486270904541, 35.798012256622314], "Jefferson": [49.37208843231201, 74.92184448242188, 61.1243953704834, 37.611257219314574], "Mercer": [46.12970285415649, 68.16643524169922, 58.26850624084473, 33.98248805999756], "Wyoming": [48.07814102172851, 45.08544921875, 61.34361381530762, 34.80290327072144], "Braxton": [48.63372993469238, 60.40898895263672, 61.60029907226563, 35.65528526306152], "Roane": [48.93202419281006, 53.00303268432617, 61.58499374389649, 36.27003126144409], "Grant": [46.85412673950195, 87.56156158447266, 59.30170860290528, 34.39697260856629], "Monroe": [47.802981567382815, 72.66114807128906, 60.057410049438474, 35.53902115821838], "Doddridge": [47.411926651000975, 69.58914947509766, 60.877165222167974, 33.93782691955566], "Wirt": [48.60380935668945, 55.22639846801758, 61.30537109375, 35.89165053367615], "Tyler": [47.38270301818848, 64.67266082763672, 60.33855361938477, 34.41767818927765], "Greenbrier": [45.791853523254396, 73.86254119873047, 57.28315105438233, 34.291325545310976], "Ritchie": [47.96372528076172, 63.442256927490234, 61.18272590637207, 34.734955406188966], "Randolph": [44.6945613861084, 98.80738067626953, 56.30414905548096, 33.074667596817015], "Marion": [47.17709732055664, 57.716060638427734, 59.346683883667, 34.99746491909027], "Pendleton": [46.415543937683104, 88.97850036621094, 58.51852245330811, 34.30421559810638], "Summers": [47.886067390441895, 56.485103607177734, 60.02659168243409, 35.734934425354005], "Berkeley": [48.6974609375, 74.3734359741211, 61.5150074005127, 35.87214465141297], "Upshur": [47.340838241577146, 79.033203125, 60.01353511810303, 34.6574985742569], "Taylor": [47.48000068664551, 62.2370719909668, 59.571007537841794, 35.38118753433228], "Raleigh": [47.55371723175049, 52.032955169677734, 59.86112384796142, 35.23809425830841], "Nicholas": [47.00245590209961, 78.76290893554688, 59.38989963531495, 34.606378889083864], "Mason": [47.36570167541504, 65.92388153076172, 59.64932117462158, 35.07390465736389], "Gilmer": [48.08023185729981, 60.001651763916016, 61.655920791625974, 34.49791915416718], "Brooke": [47.26997127532959, 54.03995895385742, 57.94692440032959, 36.58540024757385], "Calhoun": [48.28212108612061, 62.13446807861328, 61.566904067993164, 34.986981987953186], "Lincoln": [49.84822387695313, 59.596519470214844, 63.05325469970703, 36.63409242630005], "Ohio": [46.781053924560545, 52.12331771850586, 58.06777400970459, 35.48603508472443], "Morgan": [48.136977958679196, 74.09124755859375, 60.87775573730469, 35.38668434619903], "Kanawha": [49.56677646636963, 67.57254791259766, 62.08388977050781, 37.040654802322386], "Lewis": [48.014207458496095, 67.93882751464844, 61.459536743164065, 34.55848128795624], "Mingo": [50.06126766204834, 45.90390396118164, 63.28460960388183, 36.82845559120178], "Wayne": [49.601450347900396, 69.12896728515625, 62.53439788818359, 36.65896916389465]}