{"Pocahontas": [50.85959434509277, 84.11318969726562, 60.92630844116211, 40.7832594871521], "Putnam": [57.40628204345703, 80.49131774902344, 69.0020835876465, 45.80029325485229], "Wetzel": [54.4668212890625, 84.17799377441406, 64.89011726379394, 44.034016132354736], "Boone": [57.7716667175293, 84.19721984863281, 68.7672061920166, 46.76680431365967], "Cabell": [57.662780189514166, 101.3266372680664, 68.61578369140625, 46.70223388671875], "Marshall": [54.03924884796143, 79.76255798339844, 63.92118148803711, 44.14623889923096], "Jackson": [56.510717773437506, 98.97748565673828, 67.46599235534669, 45.54594688415527], "Monongalia": [54.434413337707525, 88.5668716430664, 64.8283878326416, 44.03029623031616], "Mineral": [55.75173072814941, 77.85391235351562, 68.18240737915039, 43.3112530708313], "Hancock": [53.789258384704596, 83.93318939208984, 62.817676925659185, 44.7513186454773], "Preston": [53.56227569580078, 92.94783782958984, 64.4495792388916, 42.66545867919922], "Hardy": [55.09240169525147, 75.78329467773438, 67.40328788757324, 42.772971057891844], "Wood": [56.34668674468995, 91.85391235351562, 66.80287132263183, 45.88183240890503], "Webster": [53.392784118652344, 95.11186981201172, 63.657935333251956, 43.1181022644043], "Hampshire": [55.6083179473877, 79.08336639404297, 68.20417060852051, 43.00265827178955], "McDowell": [56.90433559417725, 81.57646942138672, 68.26737289428712, 45.53348083496094], "Harrison": [55.67909908294678, 108.5138931274414, 67.10784492492675, 44.24109125137329], "Barbour": [55.12365779876709, 96.11167907714844, 66.72309684753418, 43.51695575714111], "Tucker": [52.38241271972656, 91.93681335449219, 63.400302505493165, 41.3568359375], "Clay": [57.604926872253415, 90.25115966796875, 69.01030960083008, 46.189725971221925], "Logan": [58.42741661071777, 86.23512268066406, 69.41328125000001, 47.43229942321777], "Pleasants": [55.44896812438965, 78.83993530273438, 66.20602531433106, 44.684123516082764], "Fayette": [56.4122407913208, 76.81013488769531, 67.5013511657715, 45.31403408050537], "Jefferson": [56.872940444946295, 78.81788635253906, 68.2344825744629, 45.5], "Mercer": [54.24111404418946, 91.59877014160156, 65.16656761169435, 43.307872200012206], "Wyoming": [56.724012184143064, 83.42415618896484, 68.1595558166504, 45.27701873779297], "Braxton": [56.78665657043457, 103.87718200683594, 68.0836025238037, 45.481371307373045], "Roane": [56.651727294921876, 102.2811050415039, 67.62460060119629, 45.669054698944095], "Grant": [54.08513221740723, 76.58822631835938, 66.29301643371582, 41.86721181869507], "Monroe": [55.67003536224365, 89.04720306396484, 66.96843528747559, 44.36249704360962], "Doddridge": [55.659224128723146, 105.6640625, 66.79073143005371, 44.51781368255615], "Wirt": [56.263525390625006, 97.631103515625, 67.13740158081055, 45.379980373382566], "Tyler": [55.3455078125, 81.84727478027344, 66.00861129760742, 44.671641159057614], "Greenbrier": [53.99952297210693, 88.82797241210938, 64.48332099914552, 43.50624408721924], "Ritchie": [55.760803031921384, 92.10302734375, 66.89426040649414, 44.61855745315552], "Randolph": [52.036889266967776, 83.98233795166016, 62.9687801361084, 41.09638528823852], "Marion": [54.895686340332034, 95.78086853027344, 65.80729026794434, 43.97547445297241], "Pendleton": [53.374836921691895, 80.74712371826172, 65.12547187805177, 41.614518547058104], "Summers": [55.92782096862793, 85.09320068359375, 66.83683624267579, 45.01129808425903], "Berkeley": [56.290227317810064, 76.97136688232422, 68.89173965454103, 43.68122625350952], "Upshur": [54.80271968841553, 99.79823303222656, 66.40117683410645, 43.19588460922241], "Taylor": [55.30423355102539, 99.28429412841797, 66.4715476989746, 44.12827367782593], "Raleigh": [55.740867996215826, 87.61018371582031, 66.5649211883545, 44.90746955871582], "Nicholas": [55.921349334716794, 78.24510955810547, 67.17347793579103, 44.660872840881346], "Mason": [56.28774681091309, 105.97088623046875, 67.8867343902588, 44.68034954071045], "Gilmer": [56.4062463760376, 108.26408386230469, 67.82509765625, 44.979619693756106], "Brooke": [54.620116615295416, 66.26155853271484, 64.188623046875, 45.040771484375], "Calhoun": [56.34849262237549, 102.52123260498047, 67.61136894226075, 45.07739887237549], "Lincoln": [58.130303382873535, 82.64976501464844, 69.42036399841308, 46.83100566864014], "Ohio": [54.34121150970459, 70.67105865478516, 64.07998199462891, 44.59306659698486], "Morgan": [55.60752487182617, 77.35613250732422, 68.4108097076416, 42.79508876800537], "Kanawha": [57.7133825302124, 84.25022888183594, 68.93567810058593, 46.482018089294435], "Lewis": [56.1669418334961, 104.5596694946289, 67.81525115966798, 44.50913019180298], "Mingo": [58.67630672454834, 86.55767822265625, 69.79489822387696, 47.54994926452637], "Wayne": [57.928704261779785, 89.0302963256836, 68.94450836181642, 46.90359096527099]}