{"Pocahontas": [58.36735572814942, 78.4946060180664, 67.46215744018555, 49.264970016479495], "Putnam": [67.71933708190917, 67.50584411621094, 78.9705078125, 56.458072662353516], "Wetzel": [64.89187507629396, 56.99290084838867, 76.33109054565429, 53.44449710845947], "Boone": [66.69049491882325, 71.12240600585938, 77.02981758117676, 56.34305610656739], "Cabell": [67.880029296875, 98.7247085571289, 78.66278076171875, 57.088744544982916], "Marshall": [64.94888725280762, 45.82830810546875, 76.62856941223146, 53.25718536376954], "Jackson": [66.44052848815917, 73.34555053710938, 77.53803825378418, 55.333984184265134], "Monongalia": [64.57148628234864, 39.664093017578125, 75.88635368347168, 53.247975730896], "Mineral": [64.13352317810059, 68.85099792480469, 76.33686523437501, 51.920173263549806], "Hancock": [63.849365234375, 63.44913864135742, 74.90307731628418, 52.78876953125], "Preston": [62.69335289001465, 63.09031295776367, 73.61138725280762, 51.76677322387695], "Hardy": [62.698533630371095, 94.33602905273438, 74.58816795349122, 50.80144920349122], "Wood": [66.35191688537597, 70.37372589111328, 77.54012565612794, 55.15536537170411], "Webster": [61.807473754882814, 76.82469940185547, 71.71115417480469, 51.893991470336914], "Hampshire": [63.167103958129886, 85.09207153320312, 75.44437026977539, 50.880506134033205], "McDowell": [64.95215911865235, 116.59693145751953, 74.85228271484375, 55.04361896514892], "Harrison": [65.76180686950684, 60.79051971435547, 77.20928611755372, 54.306561660766604], "Barbour": [64.15695838928224, 66.86226654052734, 75.66190643310547, 52.643418693542486], "Tucker": [60.38780670166015, 87.83164978027344, 71.43054275512696, 49.33557262420655], "Clay": [66.11811408996581, 69.7629165649414, 77.13004379272462, 55.09805450439453], "Logan": [67.17851448059082, 89.26969146728516, 77.71821403503418, 56.629028511047366], "Pleasants": [65.90092124938965, 51.967681884765625, 77.31808166503907, 54.474971771240234], "Fayette": [63.5017749786377, 82.2253646850586, 73.64485435485841, 53.34994258880616], "Jefferson": [65.06157608032227, 93.36088562011719, 76.16109771728516, 53.95390567779541], "Mercer": [62.09818572998047, 105.37811279296875, 71.16617050170899, 53.02205905914307], "Wyoming": [64.86510620117187, 113.66934204101562, 74.96096153259278, 54.759086799621585], "Braxton": [66.10231437683106, 67.62820434570312, 77.1736801147461, 55.02129783630372], "Roane": [66.28714218139649, 58.60398483276367, 77.25321769714355, 55.312179756164554], "Grant": [62.634253311157224, 84.73414611816406, 74.70026969909668, 50.55866680145264], "Monroe": [63.19755668640137, 105.47408294677734, 72.76926803588867, 53.61569671630859], "Doddridge": [66.03444290161133, 67.65220642089844, 77.30036964416504, 54.75940265655518], "Wirt": [66.10053596496581, 64.47366333007812, 77.31347770690918, 54.87753829956055], "Tyler": [65.64723320007325, 57.47975540161133, 77.06803970336915, 54.21596393585205], "Greenbrier": [61.31330528259278, 90.87954711914062, 70.69615478515625, 51.92217311859131], "Ritchie": [66.06419525146484, 54.83229446411133, 77.41273574829103, 54.7093547821045], "Randolph": [60.11731300354004, 77.69615173339844, 70.85395622253418, 49.371238708496094], "Marion": [64.92239303588867, 44.15168762207031, 76.25895500183105, 53.576144218444824], "Pendleton": [61.17532386779786, 87.03124237060547, 72.29147262573242, 50.050374031066895], "Summers": [63.593400955200195, 98.47454071044922, 73.20142555236816, 53.97524833679199], "Berkeley": [64.66753768920898, 81.53064727783203, 76.84088363647462, 52.48361396789551], "Upshur": [64.08528976440431, 67.41566467285156, 75.30383796691895, 52.85845375061035], "Taylor": [64.82841529846192, 49.94679641723633, 76.05753097534179, 53.58910121917725], "Raleigh": [63.37143936157227, 92.37845611572266, 73.06995697021485, 53.663743019104004], "Nicholas": [63.48208885192871, 75.5541000366211, 74.3593776702881, 52.595990371704104], "Mason": [66.29048957824708, 89.08158874511719, 77.37298583984375, 55.19764728546143], "Gilmer": [66.32223663330078, 54.925350189208984, 77.51956748962402, 55.1189525604248], "Brooke": [64.96220817565919, 54.27579879760742, 76.416845703125, 53.50097713470459], "Calhoun": [66.0709140777588, 54.6943359375, 77.25824394226075, 54.875215721130374], "Lincoln": [67.96106719970703, 71.85997009277344, 78.93973236083986, 56.97190494537354], "Ohio": [64.89990196228027, 48.82167053222656, 76.60497970581055, 53.18915939331055], "Morgan": [63.7165714263916, 83.13473510742188, 75.93119850158692, 51.49346771240235], "Kanawha": [67.03395500183106, 59.96100997924805, 77.64518241882325, 56.41383724212646], "Lewis": [66.0048828125, 63.58625030517578, 77.31303825378419, 54.68686370849609], "Mingo": [67.60185546875, 101.92822265625, 78.23293380737306, 56.961107444763186], "Wayne": [67.8616958618164, 94.29923248291016, 78.68076057434082, 57.03244476318359]}