{
    "Pocahontas": [
        29.39787166118622,
        121.23916625976562,
        37.44455943107605,
        21.35923824310303
    ],
    "Putnam": [
        36.24957695007324,
        107.72540283203125,
        44.652571296691896,
        27.837565231323243
    ],
    "Wetzel": [
        33.839048457145694,
        114.06607818603516,
        41.46776609420776,
        26.20113363265991
    ],
    "Boone": [
        36.30036597251892,
        103.34371185302734,
        44.3635630607605,
        28.22711124420166
    ],
    "Cabell": [
        36.6791136264801,
        111.4460678100586,
        45.07691650390625,
        28.2723388671875
    ],
    "Marshall": [
        33.21272711753845,
        101.03236389160156,
        40.60236616134644,
        25.815688610076904
    ],
    "Jackson": [
        35.75432143211365,
        99.12489318847656,
        43.99392118453979,
        27.50852041244507
    ],
    "Monongalia": [
        33.81181480884552,
        118.18901824951172,
        40.9886754989624,
        26.62705898284912
    ],
    "Mineral": [
        34.52695696353912,
        65.80093383789062,
        42.22918386459351,
        26.81844210624695
    ],
    "Hancock": [
        33.236035192012785,
        79.75,
        39.22387723922729,
        27.24042954444885
    ],
    "Preston": [
        32.163924638926986,
        119.85591888427734,
        39.295628261566165,
        25.032375860214234
    ],
    "Hardy": [
        34.47343122959137,
        80.04915618896484,
        44.22146520614624,
        24.717288398742674
    ],
    "Wood": [
        35.73243160247803,
        94.21699523925781,
        43.54808311462402,
        27.910076713562013
    ],
    "Webster": [
        32.48178541064262,
        134.9106903076172,
        40.57477502822876,
        24.387534618377686
    ],
    "Hampshire": [
        34.82942774295807,
        71.60379028320312,
        43.446418380737306,
        26.20370125770569
    ],
    "McDowell": [
        34.95335245132446,
        89.82147216796875,
        43.61256427764893,
        26.285723638534545
    ],
    "Harrison": [
        35.103037524223325,
        114.0122299194336,
        43.250026607513426,
        26.946262884140015
    ],
    "Barbour": [
        34.16137981414795,
        112.10964965820312,
        41.8338005065918,
        26.480900049209595
    ],
    "Tucker": [
        31.437342607975005,
        105.43287658691406,
        39.02125415802002,
        23.85453290939331
    ],
    "Clay": [
        36.07613501548767,
        102.25265502929688,
        44.37480087280274,
        27.768580532073976
    ],
    "Logan": [
        36.64221200942993,
        99.55496978759766,
        44.87121553421021,
        28.403003001213072
    ],
    "Pleasants": [
        34.7379184961319,
        104.30384826660156,
        42.62421875,
        26.844252252578734
    ],
    "Fayette": [
        34.27024939060211,
        101.34458923339844,
        42.6101734161377,
        25.925741147994994
    ],
    "Jefferson": [
        36.37295813560486,
        119.64361572265625,
        44.83783769607544,
        27.898703718185423
    ],
    "Mercer": [
        32.93353362083435,
        87.6647720336914,
        41.35475368499756,
        24.50484972000122
    ],
    "Wyoming": [
        34.554339098930356,
        103.75667572021484,
        42.68160858154297,
        26.416973781585693
    ],
    "Braxton": [
        35.660537242889404,
        113.27165985107422,
        43.84949989318848,
        27.462292861938476
    ],
    "Roane": [
        35.768445301055905,
        106.36077117919922,
        44.14920349121094,
        27.379765796661378
    ],
    "Grant": [
        33.443896520137784,
        66.30482482910156,
        41.59121122360229,
        25.292309379577638
    ],
    "Monroe": [
        34.719930100440976,
        75.76248931884766,
        43.8937310218811,
        25.539271736145018
    ],
    "Doddridge": [
        35.05819914340973,
        111.6095962524414,
        43.333693504333496,
        26.773808002471924
    ],
    "Wirt": [
        35.524121165275574,
        101.59315490722656,
        43.80717763900757,
        27.230419969558717
    ],
    "Tyler": [
        34.56516299247742,
        112.75657653808594,
        42.34635562896729,
        26.774580907821655
    ],
    "Greenbrier": [
        32.62699468135834,
        112.17278289794922,
        41.563429546356204,
        23.687531280517575
    ],
    "Ritchie": [
        35.049980425834654,
        102.30052947998047,
        43.36204767227173,
        26.729651117324828
    ],
    "Randolph": [
        30.83807499408722,
        122.034912109375,
        38.871889448165895,
        22.806378841400146
    ],
    "Marion": [
        34.44870448112488,
        111.5157241821289,
        42.094686317443845,
        26.793216037750245
    ],
    "Pendleton": [
        32.83660480976105,
        83.41635131835938,
        41.95491533279419,
        23.716048526763913
    ],
    "Summers": [
        34.0413863658905,
        81.78099822998047,
        42.728585433959964,
        25.346709299087525
    ],
    "Berkeley": [
        35.83934359550476,
        102.7828140258789,
        44.715593338012695,
        26.9560977935791
    ],
    "Upshur": [
        34.079052734375,
        127.23301696777344,
        42.20799398422241,
        25.940004062652587
    ],
    "Taylor": [
        34.563312482833865,
        111.712890625,
        41.95470333099365,
        27.163062620162965
    ],
    "Raleigh": [
        33.70330185890198,
        101.2586441040039,
        41.80750198364258,
        25.591848182678223
    ],
    "Nicholas": [
        34.06286334991455,
        103.76669311523438,
        42.66454286575318,
        25.451902532577513
    ],
    "Mason": [
        35.312024521827695,
        99.75435638427734,
        43.458924770355225,
        27.156207752227782
    ],
    "Gilmer": [
        35.40927734375,
        104.13621520996094,
        43.92300529479981,
        26.8890588760376
    ],
    "Brooke": [
        33.82827155590057,
        66.41080474853516,
        40.405859375,
        27.241894674301147
    ],
    "Calhoun": [
        35.390208983421324,
        103.77677154541016,
        43.865539932250975,
        26.90620312690735
    ],
    "Lincoln": [
        37.08863115310669,
        103.03406524658203,
        45.73691072463989,
        28.430564951896667
    ],
    "Ohio": [
        33.64570313692093,
        74.5517578125,
        40.54482440948486,
        26.736816263198854
    ],
    "Morgan": [
        35.27196111679077,
        74.81356048583984,
        43.56077060699463,
        26.972707748413086
    ],
    "Kanawha": [
        36.37046947479248,
        107.1261215209961,
        44.61157855987549,
        28.120087671279908
    ],
    "Lewis": [
        35.27849905490875,
        119.67967224121094,
        43.69609727859497,
        26.852916431427
    ],
    "Mingo": [
        36.79888477325439,
        108.28163146972656,
        45.58250389099121,
        28.00571141242981
    ],
    "Wayne": [
        37.05727162361145,
        99.09993743896484,
        46.117014503479005,
        27.98853669166565
    ]
}